{
  "what_it_does": [
    "Проверяет, что рендер отчётов и построители ответов не падают",
    "Пробует кнопки/кнопочные ряды (share/primary), если функции есть",
    "Пробует любые функции с подстрокой 'judge' и 'admin' (0-1 аргумент) — это покрывает судейский режим и админ-байпас, если они оформлены отдельными функциями",
    "Проверяет генераторы ссылок DEX/Scan (без сети)",
    "Никогда не валит CI — только логирует ✓/✗"
  ],
  "how_to_use": [
    "Скопируй ci_guardrails.py в корень репо",
    "Скопируй .github/workflows/guardrails.yml в репозиторий (ветка main)",
    "Запусти Actions → Guardrails → Run workflow (или дождись пуша)",
    "Смотри лог шага 'Run guardrails' — там список ✓/✗ по ключевым функциям"
  ],
  "env_used": {
    "JUDGE_PASS_CODE": "DMCC2025",
    "JUDGE_PASS_TTL_DAYS": "60",
    "ADMIN_CHAT_ID": "1",
    "ALLOWED_CHAT_IDS": "1",
    "DEV_FREE": "1",
    "DEX_BUTTONS_ENABLED": "1",
    "DEX_STRICT_CHAIN": "1"
  },
  "safety": "Всё обёрнуто в try/except; сетевые вызовы стараемся не провоцировать. Любая ошибка лишь логируется."
}